pose_id,knee_L,knee_R,hip_L,hip_R,elbow_L,elbow_R,arm_body_L,arm_body_R
0,138.67,84.23,72.16,41.94,144.88,101.05,70.38,104.73
1,61.76,58.07,59.65,128.58,147.77,159.76,116.23,114.59
2,130.69,174.39,151.28,74.4,154.82,135.39,60.99,132.59
3,33.86,26.62,38.84,47.36,148.76,152.19,104.33,107.28
4,86.02,63.82,94.74,124.42,138.29,141.74,82.3,42.39
5,170.8,160.35,127.78,118.51,139.71,129.47,118.4,122.7
6,98.64,72.73,142.35,86.48,139.94,137.53,148.28,64.46
7,98.03,84.25,104.76,92.42,131.7,135.1,86.6,104.72
8,121.8,122.1,140.56,130.97,105.73,143.95,113.41,164.56
9,43.46,65.86,22.87,33.79,114.85,83.91,143.86,131.66
10,172.16,171.77,141.96,144.05,153.85,140.49,93.05,76.85
11,26.6,132.6,46.82,20.95,167.06,153.49,75.11,88.01
12,158.79,135.68,152.2,164.0,146.25,110.33,40.76,56.95
13,34.07,48.37,90.18,88.17,123.51,145.05,99.52,84.97
14,65.94,87.31,33.66,21.4,147.55,118.62,114.19,104.1
15,163.28,174.95,152.07,164.3,111.34,97.18,82.24,85.34
16,168.55,172.54,51.91,54.63,77.22,120.58,150.76,148.0
17,0.0,0.0,0.0,0.0,0.0,0.0,0.0,0.0
18,65.74,129.69,113.67,154.63,95.46,95.8,43.09,27.74
19,106.18,141.32,35.13,24.31,96.81,107.73,74.78,41.25
20,96.88,81.73,39.02,35.76,88.28,101.53,142.36,138.15
21,147.05,138.12,105.95,147.61,135.82,140.07,88.71,133.25
22,137.37,165.9,67.4,137.02,152.33,166.43,103.41,131.42
23,157.42,40.19,135.62,90.05,74.19,99.04,168.59,154.23
24,130.65,157.12,33.52,56.89,152.28,152.23,66.75,62.4
25,145.24,167.43,105.55,130.78,171.64,60.01,166.8,151.76
26,164.75,172.5,145.6,143.05,74.23,73.49,51.75,26.15
27,109.22,32.36,75.94,98.2,142.91,71.95,130.7,64.9
28,20.99,25.42,29.32,33.97,63.72,73.26,50.39,46.41
29,160.38,86.39,72.96,112.85,130.44,166.87,72.73,178.53
30,46.85,52.0,46.99,101.07,162.57,117.31,11.79,55.89
31,102.78,111.05,49.25,115.19,138.81,122.86,124.65,81.39
32,113.06,106.14,126.79,137.19,165.09,176.13,152.48,160.52
33,89.06,109.66,30.56,31.65,133.42,149.21,81.62,69.86
34,154.36,156.6,56.55,40.62,102.63,96.02,80.57,74.67
35,164.7,31.77,24.72,76.74,166.5,127.9,79.84,159.6
36,159.26,152.86,112.21,73.94,111.33,141.22,87.41,129.3
37,157.37,159.72,120.51,119.14,171.6,163.44,44.24,43.54
38,163.72,150.36,128.52,86.76,150.97,158.74,61.81,104.59
39,116.08,162.75,96.21,140.29,118.69,176.38,89.83,133.69
40,76.24,76.81,94.63,84.73,146.63,91.73,68.08,49.42
41,66.13,73.3,36.28,65.05,141.36,146.89,43.29,18.24
42,158.09,156.86,161.11,149.87,85.59,86.3,30.06,45.16
43,51.52,128.94,91.64,94.83,153.54,161.12,26.2,68.86
44,176.18,171.09,154.24,171.47,104.66,155.59,38.27,76.05
45,156.71,176.4,46.8,48.4,148.32,114.38,97.62,89.15
46,171.54,134.96,162.89,71.8,122.54,119.2,37.31,29.01
47,52.7,59.16,108.9,96.88,80.98,85.29,158.43,162.26
48,125.05,168.22,127.29,88.12,137.22,140.0,80.64,71.46
49,22.88,139.69,82.93,41.4,115.65,111.44,130.56,108.41
50,41.47,40.58,28.75,24.71,167.43,162.08,80.14,79.58
51,136.09,75.36,108.1,58.39,141.47,99.89,142.53,141.15
52,78.91,130.05,61.37,32.7,149.77,150.66,102.95,135.61
53,24.77,24.67,12.73,12.66,150.35,154.79,96.65,105.63
54,160.08,131.48,74.82,162.95,126.34,68.46,79.55,152.66
55,163.75,46.72,138.86,23.56,116.0,98.48,92.94,94.88
56,147.34,144.6,153.22,127.11,146.66,139.05,121.82,101.4
57,34.74,58.1,84.91,83.51,121.53,138.26,21.9,37.82
58,171.77,160.64,78.35,108.89,169.63,143.65,92.3,48.91
59,170.44,171.36,47.9,48.68,137.4,130.55,163.85,170.94
60,162.8,145.49,34.01,17.61,95.05,100.51,150.23,138.42
61,144.84,159.43,78.02,133.84,173.42,169.17,100.69,87.05
62,140.42,150.22,134.47,61.0,91.01,145.83,43.69,107.22
63,145.64,163.96,136.39,142.77,92.41,102.06,71.54,85.92
64,151.04,160.42,162.98,46.68,143.57,150.3,88.01,70.89
65,20.68,22.78,82.98,88.6,107.19,109.48,20.73,25.82
66,32.6,52.09,135.62,167.19,88.75,115.53,176.84,143.17
67,169.58,169.07,52.53,44.57,160.36,151.84,106.51,118.72
68,21.68,104.65,106.71,160.16,119.86,110.35,49.68,39.29
69,148.41,103.48,148.52,132.9,163.96,168.76,38.37,115.62
70,0.0,0.0,0.0,0.0,0.0,0.0,0.0,0.0
71,88.87,97.43,170.67,155.21,175.38,145.98,55.45,78.36
72,45.0,175.0,110.0,175.0,160.0,160.0,150.0,150.0
73,154.7,174.49,160.18,98.44,166.77,167.27,29.64,17.22
74,141.34,162.73,131.72,141.77,175.51,174.87,128.83,64.74
75,45.28,103.91,66.09,60.79,163.36,162.96,144.22,171.64
76,172.99,174.03,45.81,55.26,145.32,158.95,120.5,128.79
77,0.0,0.0,0.0,0.0,0.0,0.0,0.0,0.0
78,164.35,156.31,140.25,156.43,161.4,143.53,99.92,123.01
79,156.14,105.3,169.39,84.59,99.91,173.48,56.46,118.73
80,56.94,155.8,72.29,79.89,148.58,132.59,75.17,59.94
81,124.6,82.39,131.9,98.82,170.68,163.66,30.49,163.03
